{
    "Mode 1": {
        "freq": 110.0, 
        "n10_X": 0.0, 
        "n10_Y": 0.13212457092209398, 
        "n10_Z": 0.0, 
        "n11_X": 0.0, 
        "n11_Y": -0.16659185029307505, 
        "n11_Z": 0.0, 
        "n12_X": 0.0, 
        "n12_Y": -0.16084730373124487, 
        "n12_Z": 0.0, 
        "n13_X": 0.0, 
        "n13_Y": -0.3871824382673537, 
        "n13_Z": 0.0, 
        "n14_X": 0.0, 
        "n14_Y": -0.395224803453916, 
        "n14_Z": 0.0, 
        "n1_X": 0.0, 
        "n1_Y": -0.36190643339530093, 
        "n1_Z": 0.0, 
        "n2_X": 0.0, 
        "n2_Y": -0.3906291662044518, 
        "n2_Z": 0.0, 
        "n3_X": 0.0, 
        "n3_Y": -0.1493582106075845, 
        "n3_Z": 0.0, 
        "n4_X": 0.0, 
        "n4_Y": -0.14361366404575435, 
        "n4_Z": 0.0, 
        "n5_X": 0.0, 
        "n5_Y": 0.13212457092209398, 
        "n5_Z": 0.0, 
        "n6_X": 0.0, 
        "n6_Y": 0.14361366404575435, 
        "n6_Z": 0.0, 
        "n7_X": 0.0, 
        "n7_Y": 0.3446727937098104, 
        "n7_Z": 0.0, 
        "n8_X": 0.0, 
        "n8_Y": 0.3446727937098104, 
        "n8_Z": 0.0, 
        "n9_X": 0.0, 
        "n9_Y": 0.14361366404575435, 
        "n9_Z": 0.0
    }, 
    "Mode 10": {
        "freq": 1037.0, 
        "n10_X": 0.0, 
        "n10_Y": -0.13748749041586353, 
        "n10_Z": 0.0, 
        "n11_X": 0.0, 
        "n11_Y": -0.20623123562379528, 
        "n11_Z": 0.0, 
        "n12_X": 0.0, 
        "n12_Y": 0.22341717192577823, 
        "n12_Z": 0.0, 
        "n13_X": 0.0, 
        "n13_Y": -0.16326639486883793, 
        "n13_Z": 0.0, 
        "n14_X": 0.0, 
        "n14_Y": 0.24575888911835606, 
        "n14_Z": 0.0, 
        "n1_X": 0.0, 
        "n1_Y": -0.29216091713371, 
        "n1_Z": 0.0, 
        "n2_X": 0.0, 
        "n2_Y": 0.18904529932181233, 
        "n2_Z": 0.0, 
        "n3_X": 0.0, 
        "n3_Y": -0.18904529932181233, 
        "n3_Z": 0.0, 
        "n4_X": 0.0, 
        "n4_Y": 0.15467342671784645, 
        "n4_Z": 0.0, 
        "n5_X": 0.0, 
        "n5_Y": 0.1718593630198294, 
        "n5_Z": 0.0, 
        "n6_X": 0.0, 
        "n6_Y": -0.1718593630198294, 
        "n6_Z": 0.0, 
        "n7_X": 0.0, 
        "n7_Y": 0.5327640253614712, 
        "n7_Z": 0.0, 
        "n8_X": 0.0, 
        "n8_Y": -0.4983921527575053, 
        "n8_Z": 0.0, 
        "n9_X": 0.0, 
        "n9_Y": 0.1718593630198294, 
        "n9_Z": 0.0
    }, 
    "Mode 11": {
        "freq": 1400.0, 
        "n10_X": 0.0, 
        "n10_Y": -0.28528492715732356, 
        "n10_Z": 0.0, 
        "n11_X": 0.0, 
        "n11_Y": 0.20178689969664348, 
        "n11_Z": 0.0, 
        "n12_X": 0.0, 
        "n12_Y": 0.23657774447192687, 
        "n12_Z": 0.0, 
        "n13_X": 0.0, 
        "n13_Y": -0.2310112093078815, 
        "n13_Z": 0.0, 
        "n14_X": 0.0, 
        "n14_Y": -0.24214427963597215, 
        "n14_Z": 0.0, 
        "n1_X": 0.0, 
        "n1_Y": -0.10437253432585007, 
        "n1_Z": 0.0, 
        "n2_X": 0.0, 
        "n2_Y": -0.3548666167078902, 
        "n2_Z": 0.0, 
        "n3_X": 0.0, 
        "n3_Y": 0.21570323760675683, 
        "n3_Z": 0.0, 
        "n4_X": 0.0, 
        "n4_Y": 0.20178689969664348, 
        "n4_Z": 0.0, 
        "n5_X": 0.0, 
        "n5_Y": -0.18787056178653014, 
        "n5_Z": 0.0, 
        "n6_X": 0.0, 
        "n6_Y": -0.1948287307415868, 
        "n6_Z": 0.0, 
        "n7_X": 0.0, 
        "n7_Y": 0.47315548894385373, 
        "n7_Z": 0.0, 
        "n8_X": 0.0, 
        "n8_Y": 0.3687829546180036, 
        "n8_Z": 0.0, 
        "n9_X": 0.0, 
        "n9_Y": -0.22961957551687018, 
        "n9_Z": 0.0
    }, 
    "Mode 12": {
        "freq": 1480.0, 
        "n10_X": 0.0, 
        "n10_Y": 0.3355109321294632, 
        "n10_Z": 0.0, 
        "n11_X": 0.0, 
        "n11_Y": 0.1301782416662317, 
        "n11_Z": 0.0, 
        "n12_X": 0.0, 
        "n12_Y": -0.10736349828142823, 
        "n12_Z": 0.0, 
        "n13_X": 0.0, 
        "n13_Y": 0.15836115996510663, 
        "n13_Z": 0.0, 
        "n14_X": 0.0, 
        "n14_Y": -0.3583256755142667, 
        "n14_Z": 0.0, 
        "n1_X": 0.0, 
        "n1_Y": -0.3355109321294632, 
        "n1_Z": 0.0, 
        "n2_X": 0.0, 
        "n2_Y": 0.21472699656285646, 
        "n2_Z": 0.0, 
        "n3_X": 0.0, 
        "n3_Y": -0.08052262371107116, 
        "n3_Z": 0.0, 
        "n4_X": 0.0, 
        "n4_Y": 0.0939430609962497, 
        "n4_Z": 0.0, 
        "n5_X": 0.0, 
        "n5_Y": 0.5368174914071411, 
        "n5_Z": 0.0, 
        "n6_X": 0.0, 
        "n6_Y": -0.3489313694146417, 
        "n6_Z": 0.0, 
        "n7_X": 0.0, 
        "n7_Y": 0.1476248101369638, 
        "n7_Z": 0.0, 
        "n8_X": 0.0, 
        "n8_Y": -0.06710218642589263, 
        "n8_Z": 0.0, 
        "n9_X": 0.0, 
        "n9_Y": -0.30867005755910615, 
        "n9_Z": 0.0
    }, 
    "Mode 13": {
        "freq": 1539.0, 
        "n10_X": 0.10476969619148223, 
        "n10_Y": -0.0021689284396304844, 
        "n10_Z": -0.0009916243945196856, 
        "n11_X": 0.13659104658242927, 
        "n11_Y": -0.00916524343444174, 
        "n11_Z": 0.1257516723811426, 
        "n12_X": 0.04069323973381124, 
        "n12_Y": -0.002912799696783907, 
        "n12_Z": 0.005753792261929353, 
        "n13_X": 0.25994115981023935, 
        "n13_Y": -0.016068173142449432, 
        "n13_Z": 0.17764304992776317, 
        "n14_X": -0.03737239684867422, 
        "n14_Y": -0.01599097865490551, 
        "n14_Z": -0.06684153782281152, 
        "n1_X": 0.025685514196253516, 
        "n1_Y": -0.010261618548105398, 
        "n1_Z": -0.035933465121865266, 
        "n2_X": 0.3928804491346235, 
        "n2_Y": -0.018468916648313752, 
        "n2_Z": -0.05306795328815473, 
        "n3_X": -0.11959728387324017, 
        "n3_Y": 0.007822228325487955, 
        "n3_Z": -0.0007721760959540398, 
        "n4_X": -0.13380851427990495, 
        "n4_Y": 0.0010532070918091519, 
        "n4_Z": 0.0666994217590172, 
        "n5_X": 0.47948134020943806, 
        "n5_Y": -0.021413407894037888, 
        "n5_Z": 0.08065015557643365, 
        "n6_X": 0.051386375962016964, 
        "n6_Y": -0.005628214129164054, 
        "n6_Z": -0.03039103621168081, 
        "n7_X": -0.5369884084348719, 
        "n7_Y": -0.0041944986824429585, 
        "n7_Z": -0.04608944484514274, 
        "n8_X": -0.34151667849412504, 
        "n8_Y": 0.009793558723114285, 
        "n8_Z": -0.02776533916992788, 
        "n9_X": -0.0007127745879756126, 
        "n9_Y": 0.04398869635767568, 
        "n9_Z": 0.024011363946685897
    }, 
    "Mode 2": {
        "freq": 120.0, 
        "n10_X": -0.13679549767759358, 
        "n10_Y": -0.008386364289981064, 
        "n10_Z": 0.045524270323030594, 
        "n11_X": 0.1377456327469888, 
        "n11_Y": 0.007895303477496209, 
        "n11_Z": -0.05460301958121888, 
        "n12_X": 0.13774560585330087, 
        "n12_Y": -0.007883626636621809, 
        "n12_Z": 0.05459434088851747, 
        "n13_X": 0.38425338847887264, 
        "n13_Y": 0.009014988308355239, 
        "n13_Z": -0.06398132169226427, 
        "n14_X": 0.3842533874828101, 
        "n14_Y": -0.00898255651283614, 
        "n14_Z": 0.06397397174695912, 
        "n1_X": 0.38846438121771076, 
        "n1_Y": 0.009960625159428482, 
        "n1_Z": 0.05976375095657088, 
        "n2_X": 0.38846438121771076, 
        "n2_Y": -0.009960625159428482, 
        "n2_Z": -0.05976375095657088, 
        "n3_X": 0.13944875223199873, 
        "n3_Y": 0.009960625159428482, 
        "n3_Z": 0.049803125797142404, 
        "n4_X": 0.13944875223199873, 
        "n4_Y": -0.009960625159428482, 
        "n4_Z": -0.049803125797142404, 
        "n5_X": -0.13944875223199873, 
        "n5_Y": 0.009960625159428482, 
        "n5_Z": 0.049803125797142404, 
        "n6_X": -0.13944875223199873, 
        "n6_Y": -0.009960625159428482, 
        "n6_Z": -0.049803125797142404, 
        "n7_X": -0.32647830920544463, 
        "n7_Y": 0.009357634809902095,