{
    "Mode 1": {
        "freq": 113.0, 
        "n10_X": 0.0, 
        "n10_Y": 0.13212457092209398, 
        "n10_Z": 0.0, 
        "n11_X": 0.0, 
        "n11_Y": -0.16659185029307505, 
        "n11_Z": 0.0, 
        "n12_X": 0.0, 
        "n12_Y": -0.16084730373124487, 
        "n12_Z": 0.0, 
        "n13_X": 0.0, 
        "n13_Y": -0.3871824382673537, 
        "n13_Z": 0.0, 
        "n14_X": 0.0, 
        "n14_Y": -0.395224803453916, 
        "n14_Z": 0.0, 
        "n1_X": 0.0, 
        "n1_Y": -0.36190643339530093, 
        "n1_Z": 0.0, 
        "n2_X": 0.0, 
        "n2_Y": -0.3906291662044518, 
        "n2_Z": 0.0, 
        "n3_X": 0.0, 
        "n3_Y": -0.1493582106075845, 
        "n3_Z": 0.0, 
        "n4_X": 0.0, 
        "n4_Y": -0.14361366404575435, 
        "n4_Z": 0.0, 
        "n5_X": 0.0, 
        "n5_Y": 0.13212457092209398, 
        "n5_Z": 0.0, 
        "n6_X": 0.0, 
        "n6_Y": 0.14361366404575435, 
        "n6_Z": 0.0, 
        "n7_X": 0.0, 
        "n7_Y": 0.3446727937098104, 
        "n7_Z": 0.0, 
        "n8_X": 0.0, 
        "n8_Y": 0.3446727937098104, 
        "n8_Z": 0.0, 
        "n9_X": 0.0, 
        "n9_Y": 0.14361366404575435, 
        "n9_Z": 0.0
    }, 
    "Mode 10": {
        "freq": 1084.0, 
        "n10_X": 0.0, 
        "n10_Y": -0.13748749041586353, 
        "n10_Z": 0.0, 
        "n11_X": 0.0, 
        "n11_Y": -0.20623123562379528, 
        "n11_Z": 0.0, 
        "n12_X": 0.0, 
        "n12_Y": 0.22341717192577823, 
        "n12_Z": 0.0, 
        "n13_X": 0.0, 
        "n13_Y": -0.16326639486883793, 
        "n13_Z": 0.0, 
        "n14_X": 0.0, 
        "n14_Y": 0.24575888911835606, 
        "n14_Z": 0.0, 
        "n1_X": 0.0, 
        "n1_Y": -0.29216091713371, 
        "n1_Z": 0.0, 
        "n2_X": 0.0, 
        "n2_Y": 0.18904529932181233, 
        "n2_Z": 0.0, 
        "n3_X": 0.0, 
        "n3_Y": -0.18904529932181233, 
        "n3_Z": 0.0, 
        "n4_X": 0.0, 
        "n4_Y": 0.15467342671784645, 
        "n4_Z": 0.0, 
        "n5_X": 0.0, 
        "n5_Y": 0.1718593630198294, 
        "n5_Z": 0.0, 
        "n6_X": 0.0, 
        "n6_Y": -0.1718593630198294, 
        "n6_Z": 0.0, 
        "n7_X": 0.0, 
        "n7_Y": 0.5327640253614712, 
        "n7_Z": 0.0, 
        "n8_X": 0.0, 
        "n8_Y": -0.4983921527575053, 
        "n8_Z": 0.0, 
        "n9_X": 0.0, 
        "n9_Y": 0.1718593630198294, 
        "n9_Z": 0.0
    }, 
    "Mode 11": {
        "freq": 1108.0, 
        "n10_X": 0.0, 
        "n10_Y": -0.06498028959401325, 
        "n10_Z": 0.0, 
        "n11_X": 0.0, 
        "n11_Y": -0.19494086878203973, 
        "n11_Z": 0.0, 
        "n12_X": 0.0, 
        "n12_Y": 0.22743101357904635, 
        "n12_Z": 0.0, 
        "n13_X": 0.0, 
        "n13_Y": -0.19494086878203973, 
        "n13_Z": 0.0, 
        "n14_X": 0.0, 
        "n14_Y": 0.3443955348482702, 
        "n14_Z": 0.0, 
        "n1_X": 0.0, 
        "n1_Y": -0.19494086878203973, 
        "n1_Z": 0.0, 
        "n2_X": 0.0, 
        "n2_Y": 0.2794152452542569, 
        "n2_Z": 0.0, 
        "n3_X": 0.0, 
        "n3_Y": -0.19494086878203973, 
        "n3_Z": 0.0, 
        "n4_X": 0.0, 
        "n4_Y": 0.1299605791880265, 
        "n4_Z": 0.0, 
        "n5_X": 0.0, 
        "n5_Y": 0.1299605791880265, 
        "n5_Z": 0.0, 
        "n6_X": 0.0, 
        "n6_Y": -0.06498028959401325, 
        "n6_Z": 0.0, 
        "n7_X": 0.0, 
        "n7_Y": 0.519842316752106, 
        "n7_Z": 0.0, 
        "n8_X": 0.0, 
        "n8_Y": -0.519842316752106, 
        "n8_Z": 0.0, 
        "n9_X": 0.0, 
        "n9_Y": 0.1299605791880265, 
        "n9_Z": 0.0
    }, 
    "Mode 12": {
        "freq": 1488.0, 
        "n10_X": 0.0, 
        "n10_Y": -0.28528492715732356, 
        "n10_Z": 0.0, 
        "n11_X": 0.0, 
        "n11_Y": 0.20178689969664348, 
        "n11_Z": 0.0, 
        "n12_X": 0.0, 
        "n12_Y": 0.23657774447192687, 
        "n12_Z": 0.0, 
        "n13_X": 0.0, 
        "n13_Y": -0.2310112093078815, 
        "n13_Z": 0.0, 
        "n14_X": 0.0, 
        "n14_Y": -0.24214427963597215, 
        "n14_Z": 0.0, 
        "n1_X": 0.0, 
        "n1_Y": -0.10437253432585007, 
        "n1_Z": 0.0, 
        "n2_X": 0.0, 
        "n2_Y": -0.3548666167078902, 
        "n2_Z": 0.0, 
        "n3_X": 0.0, 
        "n3_Y": 0.21570323760675683, 
        "n3_Z": 0.0, 
        "n4_X": 0.0, 
        "n4_Y": 0.20178689969664348, 
        "n4_Z": 0.0, 
        "n5_X": 0.0, 
        "n5_Y": -0.18787056178653014, 
        "n5_Z": 0.0, 
        "n6_X": 0.0, 
        "n6_Y": -0.1948287307415868, 
        "n6_Z": 0.0, 
        "n7_X": 0.0, 
        "n7_Y": 0.47315548894385373, 
        "n7_Z": 0.0, 
        "n8_X": 0.0, 
        "n8_Y": 0.3687829546180036, 
        "n8_Z": 0.0, 
        "n9_X": 0.0, 
        "n9_Y": -0.22961957551687018, 
        "n9_Z": 0.0
    }, 
    "Mode 2": {
        "freq": 124.6, 
        "n10_X": 1.0, 
        "n10_Y": 0.0, 
        "n10_Z": 0.0, 
        "n11_X": 0.0, 
        "n11_Y": 0.0, 
        "n11_Z": 0.0, 
        "n12_X": 0.0, 
        "n12_Y": 0.0, 
        "n12_Z": 0.0, 
        "n13_X": 0.0, 
        "n13_Y": 0.0, 
        "n13_Z": 0.0, 
        "n14_X": 0.0, 
        "n14_Y": 0.0, 
        "n14_Z": 0.0, 
        "n1_X": 0.0, 
        "n1_Y": 0.0, 
        "n1_Z": 0.0, 
        "n2_X": 0.0, 
        "n2_Y": 0.0, 
        "n2_Z": 0.0, 
        "n3_X": 0.0, 
        "n3_Y": 0.0, 
        "n3_Z": 0.0, 
        "n4_X": 0.0, 
        "n4_Y": 0.0, 
        "n4_Z": 0.0, 
        "n5_X": 0.0, 
        "n5_Y": 0.0, 
        "n5_Z": 0.0, 
        "n6_X": 0.0, 
        "n6_Y": 0.0, 
        "n6_Z": 0.0, 
        "n7_X": 0.0, 
        "n7_Y": 0.0, 
        "n7_Z": 0.0, 
        "n8_X": 0.0, 
        "n8_Y": 0.0, 
        "n8_Z": 0.0, 
        "n9_X": 0.0, 
        "n9_Y": 0.0, 
        "n9_Z": 0.0
    }, 
    "Mode 3": {
        "freq": 341.0, 
        "n10_X": 0.0, 
        "n10_Y": -0.34432921142016804, 
        "n10_Z": 0.0, 
        "n11_X": 0.0, 
        "n11_Y": -0.01497083527913774, 
        "n11_Z": 0.0, 
        "n12_X": 0.0, 
        "n12_Y": -0.024951392131896233, 
        "n12_Z": 0.0, 
        "n13_X": 0.0, 
        "n13_Y": 0.3692806035520642, 
        "n13_Z": 0.0, 
        "n14_X": 0.0, 
        "n14_Y": 0.3742708819784435, 
        "n14_Z": 0.0, 
        "n1_X": 0.0, 
        "n1_Y": -0.304406984009134, 
        "n1_Z": 0.0, 
        "n2_X": 0.0, 
        "n2_Y": -0.3892417172575812, 
        "n2_Z": 0.0, 
        "n3_X": 0.0, 
        "n3_Y": 0.024951392131896233, 
        "n3_Z": 0.0, 
        "n4_X": 0.0, 
        "n4_Y": 0.01497083527913774, 
        "n4_Z": 0.0, 
        "n5_X": 0.0, 
        "n5_Y": 0.3293583761410303, 
        "n5_Z": 0.0, 
        "n6_X": 0.0, 
        "n6_Y": 0.3493194898465473, 
        "n6_Z": 0.0, 
        "n7_X": 0.0, 
        "n7_Y": 0.05988334111655096, 
        "n7_Z": 0.0, 
        "n8_X": 0.0, 
        "n8_Y": 0.05489306269017171, 
        "n8_Z": 0.0, 
        "n9_X": 0.0, 
        "n9_Y": -0.3493194898465473, 
        "n9_Z": 0.0
    }, 
    "Mode 4": {
        "freq": 363.0, 
        "n10_X": 0.0, 
        "n10_Y": -0.2632144080519393, 
        "n10_Z": 0.0, 
        "n11_X": 0.0, 
        "n11_Y": 0.23689296724674536, 
        "n11_Z": 0.0, 
        "n12_X": 0.0, 
        "n12_Y": -0.3158572896623272, 
        "n12_Z": 0.0, 
        "n13_X": 0.0, 
        "n13_Y": 0.32375372190388535, 
        "n13_Z": 0.0, 
        "n14_X": 0.0, 
        "n14_Y": -0.321121577823366, 
        "n14_Z": 0.0, 
        "n1_X": 0.0, 
        "n1_Y": -0.39482161207790895, 
        "n1_Z": 0.0, 
        "n2_X": 0.0, 
        "n2_Y": 0.28953584885713324, 
        "n2_Z": 0.0, 
        "n3_X": 0.0, 
        "n3_Y": -0.2632144080519393, 
        "n3_Z": 0.0, 
        "n4_X": 0.0, 
        "n4_Y": 0.3158572896623272, 
        "n4_Z": 0.0, 
        "n5_X": 0.0, 
        "n5_Y": -0.21057152644155144, 
        "n5_Z": 0.0, 
        "n6_X": 0.0, 
        "n6_Y": 0.2763751284545363, 
        "n6_Z": 0.0,